link-local-dependencies,1230000
ts-unused-class-members,1010000
eslint-config,498000
prettier-config,490000
tsconfig,490000
radium,472000
angular,269000
log,190000
tradeshift-ui,168000
amplify-cli-ddb-model-dependson-transformer,162000
eslint-config-frontend,161000
eslint-config-es,159000
semantic-release,151000
mocha,150000
eslint-plugin,141000
tradeshift-app,126000
url-template,125000
elements,117000
byol,114000
tlscert,106000
i18n,96300
healthz,93100
popper.js,90900
g11n-langneg,90500
react-dates,89000
error,86400
graphql-codegen-near-operation-file-preset,85400
graphql-codegen-plugin-helpers,84700
timecapsulejs,84600
sls-env,83900
embed,82400
three,80800
sensitive-param-filter,79500
io,77700
nest-express-winston,76100
elements.icon,75800
webpack-dev-server,75600
ng-config,75500
capbase-amplify-auth-transformer,74900
ng-log,74400
ng-log-firebase-analytics,73900
react-scrollbars,73000
sage-assets,73000
sage-react,72900
sage-packs,72900
sage-system,72500
byol-cli,71900
localized-address-format,69300
eslint-config-js,63600
eslint-config-rentpath,63400
react-ui-utils,63100
cra-append-sw-with-typescript,62800
eslint-config-jest,60600
ember-bulma-css,59800
react-dom,59200
react-ui-core,59100
elements.typography,58800
xhr-async,57600
ng-translit,57300
react-carousel-dots,56900
ng-cache,56700
ng-log-gtag,56300
graphql-transform-federation,56100
ng-log-facebook-analytics,55800
ng-log-applicationinsights,55700
accesscontrol,54100
elements.button,53600
ui-core,52700
eslint-plugin-whitecollar,51700
eslint-config-whitecollar,51700
eslint-config-mediagroup,51700
mongo,51500
reactist,51400
thrift-client,51400
thrift-typescript,51400
thrift-server-core,51100
engine-theme-sdk,49600
sls-aws,49100
base64image,48300
secrets-to-env,47500
react-themed,47100
react-interpolate,46800
eslint-config-base,45800
news-theme-css,45400
react-gpt,45100
droddel,45000
consul,44400
ng-zawgyi-detector,43800
stent,42600
b2c-mapp-ui-assets,42300
b2c-mapp-ui,42100
bunnybus,41300
elements.status,41000
b2c-mapp-sdk,40700
ng-config-firebase-remote-config,40600
recyclerlistview,39600
thrift-server-express,39500
simpleql,39400
combobox-nav,39100
elements.list-item,37600
react-ui-tracking,36600
polaris,36500
galette-core,36400
angular-build,36200
lib-form-helper,36000
elements.cover,36000
carousel,35900
elements.app-icon,35800
elements.header,35800
prosemirror-mentions,35200
elements.modal,34600
check-imports,34500
eslint-config-client,33100
custom-elements,32600
eslint-config-wordpress,32400
site-hierarchy-content-block,32200
openid-client,31700
frontend-configs,31300
react-simple-dfp,31100
magellan-nightwatch-plugin,30600
eslint-config-zyro,29900
todoist-quickadd,29300
copy-node-modules,29200
tags-content-source-block,29200
elements.card,29000
story-feed-query-content-source-block,28900
yprox-cli,28800
author-content-source-block,28600
elements.spinner,28300
search-content-source-block,28200
collections-content-source-block,27600
story-feed-tag-content-source-block,27600
config-ci-front,27600
eslint-plugin-eslint,27400
story-feed-author-content-source-block,27400
unpublished-content-source-block,27300
content-api-source-block,27300
webpack-encore-pack,27000
zawgyi-unicode-translit-rules,26700
eslint-config-polaris,26600
eslint-plugin-doist,26600
firestarter,25800
lib-client-intl,25800
elements.tooltip,25800
global-phrases-block,25800
alert-bar-content-source-block,25700
terratag,25500
redux-thunk,25300
kraken,25200
url-meta,25200
story-feed-sections-content-source-block,25100
json-bigint,24900
text-output-block,24700
eslint-plugin-stedi-aws-rules,24000
bases-typescript,24000
bases-prettier,23900
spectacle-docs,23900
modality,23300
vue2-chars,23200
grpc_tools_node_protoc_ts,23000
vue2-moola,22600
toolcache-ruby-windows-x64,22600
vue-the-mask,22000
pakki,21900
http-server,21800
elements.board,21800
vue-hotkey,21700
pakki-js,21700
connect-datadog,21300
zamboni,21200
vue2-utilities,20900
react-native-multi-slider,20700
react-swipeable-views,20300
elements.search,20300
vue-l-carousel,20000
flag-icon-css,20000
header-nav-block,19800
import-map,19700
failure,19600
apollo-multi-endpoint-link,19100
ui-icons,19100
react-native-localize,18900
logger,18900
helpers,18800
jest-cucumber,18700
elements.tab,18700
elements.file-card,18500
quill-delta,18500
remark-application-links,18500
elements.progress-bar,18400
elements.file-size,18400
mongo-notification,18400
elements.tabs,18300
integrify,18300
js-sdk,18100
react-big-calendar-apm,18000
react-router,18000
rich-text,17800
ot-json0,17800
onewallet.library.queryoperator,17800
selling-partner-api-sdk,17800
elements.help-text,17700
fastcache,17500
fastdao,17400
vega-hooks,17100
react-native-video,17100
promise-file-reader,17100
logistics-eslint-config,16900
connect-service,16900
dynamo-helper,16800
eslint-plugin-react-redux,16800
vue2-table,16700
event-tester-block,16600
i18n-webpack-plugin,16500
coreipc,16500
href,16400
request-service,16400
elements.checkbox,16400
javascript-sdk,16400
elements.button-group,16300
fastbus,16200
fastlock,16200
fastcase,16200
trustyle.uswitch-theme,16100
protobufjs,16100
venice-types,15700
venice-icons,15600
cypress-graphql-mock,15500
react-native-modal-popover,15300
pg-to-dbml,15200
graphql-voyager,15200
mapperjs,15100
typeguards,14900
elements.note,14800
elements.file-uploader-input,14700
vitalizer,14600
injector,14500
avro-schema-registry,14100
react-native-store-rating,14000
react-gears-cypress,13900
react-native-iap,13900
nextjs-auth0,13800
eslint-config-yprox,13700
react-snap,13500
socket.io-emitter,13500
walmart-marketplace-api,13400
node-module-import-map,13400
eslint-config-greetz,13300
canopy,13300
ui-table,13300
quill,13300
vega-button,13200
vuejs-datepicker,13100
videocontext,13000
chipmunk,13000
ipp,13000
elements.basic-table,13000
simple-web-worker,12700
react-native-sms-retriever,12700
toolcache-ruby-ubuntu-1804-x64,12600
is-job-queue,12500
placeholder-image-block,12500
holoflows-kit,12200
venice-react,12200
pg-db-session,12200
definitely-not-slow,12100
operating-system-path,12100
apollo-refetch,12100
decorate,12100
compression,12100
webgl-gpu-power-estimation,12100
terraform-modules,12000
consent-manager,12000
ethereum-contracts,11900
twonet,11700
jest-dynamodb,11600
express-statsd,11500
kit,11500
core,11500
eslint-config-generator,11400
express-ws,11400
resizer-image-block,11300
serverless-secrets,11200
vega-tabs,11100
mongodb-queue,11100
pino-seq,11100
elements.document-card,11100
seq-logging,11000
webextension-shim,11000
common-protocols,10900
favicons-webpack-plugin,10900
express-microservice-middlewares,10900
branded-jest-html-reporter,10800
stego-js,10800
antd-theme-webpack-plugin,10700
oav-installer,10600
create-server,10600
alfa-json,10600
use-screen-size,10600
lezer,10600
toolcache-ruby-macos-1013-x64,10600
reconnecting-eventsource,10500
alfa-reducer,10500
alfa-equatable,10500
textfile-block,10500
ng-select,10500
alfa-hash,10500
react-native-fast-image,10500
onewallet.library.pagination,10400
alfa-predicate,10400
cypress-match-screenshot,10400
elements.aside,10300
alfa-comparable,10300
vega-icons,10300
react-component-lib,10300
servicenow-types,10300
alfa-foldable,10300
design-system,10300
double-chain-block,10300
quad-chain-block,10300
single-chain-block,10300
triple-chain-block,10300
search-results-list-block,10300
card-list-block,10300
recharts,10300
alfa-encoding,10200
alfa-refinement,10200
alfa-monad,10200
trustyle.money-theme,10100
alfa-mapper,10100
alfa-functor,10100
alfa-thunk,10100
alfa-callback,10100
alfa-applicative,10100
alfa-collection,10100
alfa-option,10100
alfa-bits,10100
alfa-trampoline,10100
alfa-lazy,10100
alfa-fnv,10100
cypress-cucumber-preprocessor,10000
share-bar-block,10000
right-rail-advanced-block,10000
alfa-sequence,10000
resizer-image-content-source-block,9990
alfa-set,9960
feeds-resizer,9960
timezone,9950
alfa-iterable,9940
alfa-map,9920
alfa-clone,9910
trustyle.styles,9910
alfa-earl,9900
vega-root,9890
cz-conventional-changelog,9890
alfa-json-ld,9870
nuxt-typescript-build,9810
metamask-extension-provider,9800
alfa-result,9800
alfa-array,9800
alfa-graph,9800
alfa-dom,9790
alfa-web,9780
alfa-device,9780
trustyle.flex-grid,9770
alfa-http,9770
alfa-list,9770
alfa-record,9760
alfa-trilean,9760
alfa-future,9740
assert-mongo-error,9730
alfa-continuation,9730
alfa-url,9700
alfa-act,9700
alfa-emitter,9680
alfa-sarif,9670
alfa-performance,9650
chi-vue,9630
vega-theme,9610
vvd-scheme,9600
eslint-config-esolidar,9560
mini-css-extract-plugin,9550
alfa-iana,9530
alfa-slice,9530
alfa-rules,9530
alfa-math,9530
alfa-parser,9530
alfa-style,9530
alfa-table,9520
alfa-media,9520
alfa-affine,9520
alfa-branched,9520
alfa-cache,9520
alfa-selector,9520
alfa-compatibility,9520
alfa-css,9520
alfa-aria,9520
alfa-cascade,9520
alfa-either,9510
byline-block,9500
config,9500
alfa-wcag,9470
react-query-state,9460
prettier-check-project,9400
react-native-sensitive-info,9390
graphql-tools,9380
trustyle.button-link,9360
blade-old,9350
vvd-core,9350
mongo-cursor-pagination-alt,9330
vvd-fonts,9290
dragon-drop,9160
react-native-image-crop-picker,9140
content-cli,9110
header-block,9100
right-rail-block,9040
pkgcloud,9040
parchment,9030
react-native-otp-verify,9010
links-bar-block,8990
opentelemetry-configurator,8980
codecov-upload,8970
i18next-axios-backend,8940
sls-app,8930
eslint-config-webservices-base,8920
article-tag-block,8920
author-bio-block,8920
date-block,8910
tag-title-block,8910
embed-react,8910
results-list-block,8890
large-promo-block,8860
small-manual-promo-block,8860
small-promo-block,8850
top-table-list-block,8840
full-author-bio-block,8820
stylelint-config,8810
footer-block,8790
eslint-config-react,8790
eslint-config-elium,8790
elium-i18n,8780
determine-executable-version,8710
alert-bar-block,8700
numbered-list-block,8650
video-player-block,8650
vvd-style-coupling,8640
icons,8590
inmanta-dashboard,8580
node-data,8540
countingstream,8530
polaris-extended,8500
university-domains-list,8490
dictionaries,8480
node,8420
minfraud-api-node,8410
eslint-config-reedsy,8400
related-content-content-source-block,8400
alfa-puppeteer,8380
vega-modal,8370
vwc-icon,8370
alfa-assert,8360
cascara,8350
alfa-formatter-earl,8320
vvd-foundation,8320
alfa-playwright,8320
alfa-formatter,8300
setenv,8260
react-native-masked-text,8230
overline-block,8210
eol-loader,8170
react-treebeard,8140
vega-layout,8140
vega-sidebar,8130
venice-vue,8119
intacct-sdk,8060
vega-header,8050
vwc-button,8039
trustyle.button,8039
headline-block,8029
feeds-prop-types,8000
vega-dropdown,7960
express-async-middleware-wrapper,7880
article-body-block,7870
superagent,7840
dynamo-types,7810
cancellation,7660
create-react-component-folder,7660
codemod-proptypes-to-flow,7610
node-signals,7600
vega-dropzone,7590
vega-carousel,7590
vega-canvas,7590
vega-tree,7580
jsonapi-serializer,7570
react-native-simple-switch,7560
react-native-beacons-manager,7540
feeds-find-video-stream,7530
react-native-calendar-events,7510
react-feather,7510
core-design,7510
vega-file-input,7500
elements.dialog,7490
elements.radio,7490
gnui,7480
vega-scale-panel,7480
csssr.images,7470
babel-plugin-extract-messages,7420
cli,7410
react-native-qrcode-scanner,7410
lib-pg,7410
trustyle.broadband-deals-theme,7380
opentelemetry-plugin-knex,7360
design,7350
vega-ui,7340
atomic-react,7310
trustyle.save-on-energy-theme,7310
asana-magics,7300
util,7220
react-native-unlock-slider,7190
vega-radio-list,7180
eslint-config-webservices,7170
lead-art-block,7160
vega-text,7150
react-native-volume-control,7120
vue2-foldable,7110
react-native-notification-banner,7100
gwen-react-components,7100
vega-badge,7090
vega-avatar,7070
vega-choice-group,7070
vega-text-field,7060
vega-informer,7050
vega-file,7050
vega-checkbox,7050
vega-radio,7050
vega-user,7040
vega-attach,7040
vega-switch,7040
eslint-config-myrotvorets-ts,7040
vwc-circular-progress,7040
vega-progress-spin,7040
vega-snack-bar,7040
vega-loader,7020
vega-timer,7020
vega-logo,7020
languages,7020
babel-preset-elium,7010
elements.radio-group,7010
vwc-textfield,6990
vwc-notched-outline,6980
toolcache-python-windows-x64,6960
trustyle.icon,6940
eslint-plugin-hireup,6910
protobuf-to-joi,6900
eslint-config-default,6890
toolcache-python-windows-x86,6860
ardent-script,6820
trustyle-utils.get,6800
argo-client-node,6790
mr-js-sdk,6790
eslint-config-service,6790
eslint-config-properly-base,6750
elements.pager,6750
macpaw-ui,6700
vega-tag,6670
ng-translate-t,6660
vega-popover,6660
vega-table,6650
php-parser,6640
datepicker-react-hooks,6630
mfx-ui-dependencies,6630
vega-page-banner,6630
parametron,6620
vwc-list,6620
apollo-cursor-pagination,6620
react-native-push-notification,6610
vwc-badge,6610
uneval,6610
slate-code-block,6600
slate-tables,6600
vwc-select,6590
alfa-thenable,6580
querybuilder,6580
potoroo,6570
eslint-plugin-puppeteer,6550
sms-calculator,6540
htmlbox-block,6540
ember-help-widget,6540
pm2-messages,6540
webpack-config-default,6530
gallery-block,6530
lerna-changelog,6530
dynamo-typeorm-stream,6530
typescript-config,6520
mfx-ui-config,6510
react-native-render-html,6500
vwc-switch,6480
extra-large-promo-block,6470
extra-large-manual-promo-block,6440
react-image-gallery,6440
slate-react,6440
large-manual-promo-block,6430
medium-manual-promo-block,6400
medium-promo-block,6400
shopify-app-history,6400
bugsnag-react-native,6390
simple-list-block,6380
envalidators,6370
vega-tooltip,6330
vwc-checkbox,6320
babel-preset-default,6300
vwc-formfield,6300
vector-icons,6300
vwc-note,6290
grpc,6290
vega-navigation-list,6250
vega-form,6230
lib-external,6220
vega-page-footer,6210
monkey-wrench,6210
eslint-config-vocovo,6200
vwc-media-controller,6180
element-js,6170
mejuri-components,6150
github-release-package,6120
fast-formula-parser,6110
valuecommerce-advertiser,6110
vue-server-renderer,6110
file-collector,6100
vwc-helper-message,6100
react-autocomplete-input,6090
section-title-block,6080
vega-animation,6080
trustyle.bankrate-theme,6050
vwc-tab-bar,6030
trustyle.grid,6010
feeds-content-elements,6010
header-nav-chain-block,5950
med-url,5950
angular2-actioncable,5950
node-sops,5920
puppeteer-har,5910
feeds-xml-output,5910
sinon-mongoose,5910
openapi-typescript-codegen,5900
subheadline-block,5900
serverless-plugin-typescript,5890
vwc-audio,5880
web-auto-extractor,5880
vwc-expansion-panel,5850
vue-infinite-scroll,5840
eslint-config-typescript,5800
trustyle.frozen-input,5750
formik-persist,5740
inspect,5720
vwc-dialog,5700
vwc-textarea,5650
react-native-set-app-icon,5640
trustyle.drop-down,5630
file-watcher,5560
package-publish,5560
vega-basic-select,5550
express-session,5030
vwc-carousel,5010
deep-readonly,5010
vwc-slider,5000
vwc-menu,4990
vwc-top-app-bar,4960
toolcache-ruby-ubuntu-1604-x64,4960
vwc-scheme-select,4950
vwc-radio,5510
vwc-linear-progress,5510
vwc-drawer,5510
vwc-fab,5510
vwc-keypad,5510
vwc-top-app-bar-fixed,5470
zokrates.js,5470
core-build-library,5460
ads-block,5450
babel-plugin-react-attr-replacement,5440
fireenjin,5430
js-api,5430
rss-feature-block,5420
trustyle-utils.palette,5410
jquery-migrate,5360
dino,5330
code-style,5320
vwc-file-picker,5270
react-scripts,5270
engine262,5260
vega-combobox,5260
frontier-forms,5240
dynamodb-driver,5240
yuhui,5230
vwc-icon-button,5220
typeface-hack-nerd-font,5220
material-theme,5210
k5-ember-boilerplate,5200
vwc-theme-switch,5190
use-rating,5170
vwc-icon-button-toggle,5160
mbox-common-db-configuration,5160
logistics-localize-with-spreadsheet,5160
date-parser,5150
feeds-source-content-api-block,5140
vega-split-panes,5130
list,5110
keplerstein-component-library,5100
trustyle.usp-tag,5090
bases-plop,5090
styled-system,5070
eslint-config-node,5060
prettier,5060
partners-sdk-angular,5050
elements.select,5030
tsconfig-5minlab,5010
eslint-config-yello-base,5010
legacy-css,5000
sitemap-news-feature-block,4990
vvd-design-tokens,4970
cruk-react-components,4960
css-mqpacker,4960
react-native-sound,4940
vvd-context,4940
patch-package,4940
vwc-inline,4920
agent-sdk-web,4920
sitemap-feature-block,4920
streamparser,4910
requestidlecallback-polyfill,4910
github-release-notes,4910
vwc-calendar,4900
cross-env,4850
stylelint-config-base,4830
sitemap-index-feature-block,4830
google-maps-react,4820
masthead-block,4810
react-native-form-generator,4810
sitemap-video-feature-block,4800
ad-taboola-block,4790
vvd-typography,4780
httprx,4780
trustyle.input,4760
rss-google-news-feature-block,4750
php-unparser,4750
react-native-image-picker,4740
rss-msn-feature-block,4740
rss-flipboard-feature-block,4720
custom-next-link,4700
sdk-js,4660
rss-fbia-feature-block,4660
mrss-feature-block,4650
shared-styles,4650
pino-stackdriver,4630
react-calendar-timeline,4590
rn-calendar,4580
shopify-app-locales,4580
passport-security,4560
eslint-config-streetshares,4550
tco-service-node,4550
react-native-mixpanel,4540
vivid,4480
nw-native-ext-loader,4470
image-size-loader,4470
prpl-server,4470
trustyle.awards-tag,4450
firebase,4430
serverless-graphql-service,4430
recaptcha,4410
angular-vs-repeat,4410
storybook-found-router,4360
react-components,4360
app-env,4350
nightlite,4330
trustyle.sponsored-by-tag,4320
koa-prometheus,4310
react-native-keyboard-aware-scroll-view,4310
trustyle.call-out,4310
trustyle.badge,4310
node-red-node-mqtt-out-json,4280
node-eventstore-client,4280
ampify-prettier-config,4280
koa-core,4270
node-red-node-mqtt-in-json,4200
next-svgr,4180
semcom-core,4160
casper-icons,4160
sortablejs,4150
ember-baremetrics-calendar,4140
harness,4140
react-native-splash-screen,4100
schema-api-endpoint,4080
bip32-utils,4070
bitcoinjs-lib,4040
trustyle.hero,4040
lint-diff,4040
twine-core,4030
casper-toast,4010
commitlint-config,4000
casper-upload-dropzone,4000
casper-epaper,3990
muscadine,3990
casper-notice,3990
next-firebase-auth,3980
casper-date-picker,3970
casper-button,3970
casper-wizard,3960
koa-signal,3950
vega-changelog,3940
casper-tooltip-dialog,3940
casper-common-ui,3940
cs-ethereum-wallet,3940
casper-select,3930
casper-broker,3930
casper-overlay-behavior,3930
cs-wallet,3930
casper-upload-dialog,3930
casper-server-overlay,3930
cs-ripple-wallet,3920
external-entities-auth,3920
cs-stellar-wallet,3920
casper-print-dialog,3920
casper-context-menu,3920
casper-utils,3910
snapshot.js,3910
cs-eos-wallet,3900
casper-moac,3900
casper-simple-page,3900
casper-contract-page,3900
material-ui-credit-card-icons,3900
casper-tooltip,3900
b39,3890
json-schema-to-typescript,3890
casper-location,3890
casper-date-range,3880
vwc-datepicker,3880
asana,3880
casper-socket,3880
trustyle.simple-input,3880
react-native-facetec,3870
trustyle.date,3870
feathers-arangodb,3860
vwc-data-grid,3850
eslint-config-properly-react,3840
wallet-sdk,3830
cordova-plugin-screen-orientation,3830
spy-mock,3820
vwc-pagination,3810
react-verification-code-input,3790
health-monitor-node,3780
twine-node,3780
schema,3740
casper-tabs,3740
casper-calendar,3740
disposable-email-domains,3730
shared-components,3730
tabular,3730
tslint-5minlab,3720
react-labs,3710
amazon-chime-sdk-js,3710
athena-helpers,3700
feeds-source-collections-block,3690
uikit,3690
json-api,3690
contentful-migrations,3680
design-tokens,3680
trustyle.imgix-image,3670
eslint-config-ts,3670
node-red-contrib-admin-api-url,3670
react-tooltip,3660
arango-migrate,3660
graphql-sequelize,3650
rafflebox-logger,3640
next-auth,3630
mocha-base,3630
toolcache-python-macos-1013-x64,3610
toolcache-python-ubuntu-1804-x64,3600
react-native-navigation,3600
standard,3600
eslint-config-yello-react,3590
trustyle.modal,3590
react-storefront,3570
caramel,3560
ploomeststypes,3540
nuxt-google-optimize,3520
zuorajs,3520
logistics-moment-cache,3520
webpack-multitenancy-plugin,3510
a11y-testing-block,3490
simplyapiclient,3490
pricemonitor-internal-typescript-angular,3480
angular-google-places-autocomplete,3470
ploomescrmwebicons,3460
angular-google-maps,3440
tm-json-ics,3440
ng-smooth-scroll,3440
eslint-config-react-native,3440
eslint-plugin-i18n,3440
react-native-twilio-programmable-voice,3440
database-session,3440
ploomestsserver,3430
knex,3430
now-jwt,3430
sqs-consumer,3420
koa-access,3410
koa-tracer,3410
koa-timeout,3410
react-native-walkthrough-tooltip,3410
react-native-font-faces,3390
logistics-cypress-testrail-reporter,3390
jest-config,3380
bbit.banking-utils,3340
ploomes-entities-map,3320
frontend-commitlint,3320
package-layered-lambdas,3290
casper-login,3270
react-native-doc-viewer,3260
eslint-config-asurgent,3260
react-native-obfuscating-transformer,3230
mesh,3220
trustyle.input-alert,3220
prettier-config-standard,3220
jquery-tinyslide,3210
toolcache-ruby-ubuntu-2004-x64,3200
ember-cognito-identity,3200
toolcache-pypy-windows-x86,3200
use-search-query,3200
cornerstone-tools,3190
react-draft-wysiwyg,3180
api,3170
html-to-draftjs,3160
draftjs-to-html,3160
cornerstone-wado-image-loader,3160
bdd-feature-runner-aws,3150
cornerstone-core,3150
eslint-formatter-idea,3140
inversify-components,3130
i18next-extractor,3130
lerna-config,3130
handlersjs-core,3120
use-redux-api,3120
rut-ts,3100
firebase-rules-coverage,3090
firebase-rules-generator,3090
selectize,3080
trustyle.card,3080
elements.root,3070
transpile-js,3070
apisearch-toolbox,3070
jsoneditor,3060
